<?xml version="1.0"?>
<data grt_format="2.0">
  <value _ptr_="00000210BCE6DDB0" type="list" content-type="object" content-struct-name="db.mgmt.Connection">
    <value type="object" struct-name="db.mgmt.Connection" id="{AB4859C5-DDEC-4BCF-882E-C38A6C559A37}" struct-checksum="0x96ba47d8">
      <link type="object" struct-name="db.mgmt.Driver" key="driver">com.mysql.rdbms.mysql.driver.native</link>
      <value type="string" key="hostIdentifier">Mysql@localhost:3306</value>
      <value type="int" key="isDefault">0</value>
      <value _ptr_="00000210BD267730" type="dict" key="modules"/>
      <value _ptr_="00000210BD2674F0" type="dict" key="parameterValues">
        <value type="string" key="DbSqlEditor:LastDefaultSchema">spotify</value>
        <value type="string" key="hostName">localhost</value>
        <value type="int" key="lastConnected">1701189328</value>
        <value type="int" key="port">3306</value>
        <value type="string" key="serverVersion">8.0.35</value>
        <value type="string" key="userName">root</value>
      </value>
      <value type="string" key="name">Local instance MySQL80</value>
      <link type="object" struct-name="GrtObject" key="owner">{C42393B9-8329-4034-B763-C18D8F41EB2F}</link>
    </value>
    <value type="object" struct-name="db.mgmt.Connection" id="{B7F2A5DE-2586-4FCC-83EF-1F950241FA2D}" struct-checksum="0x96ba47d8">
      <link type="object" struct-name="db.mgmt.Driver" key="driver">com.mysql.rdbms.mysql.driver.native</link>
      <value type="string" key="hostIdentifier">Mysql@127.0.0.1:3306</value>
      <value type="int" key="isDefault">0</value>
      <value _ptr_="00000210BD267F70" type="dict" key="modules"/>
      <value _ptr_="00000210BD2689F0" type="dict" key="parameterValues">
        <value type="string" key="SQL_MODE"></value>
        <value type="string" key="hostName">127.0.0.1</value>
        <value type="int" key="lastConnected">1701218777</value>
        <value type="string" key="password"></value>
        <value type="int" key="port">3306</value>
        <value type="string" key="schema"></value>
        <value type="string" key="serverVersion">8.0.35</value>
        <value type="string" key="sslCA"></value>
        <value type="string" key="sslCert"></value>
        <value type="string" key="sslCipher"></value>
        <value type="string" key="sslKey"></value>
        <value type="int" key="useSSL">1</value>
        <value type="string" key="userName">root</value>
      </value>
      <value type="string" key="name">Local instace</value>
      <link type="object" struct-name="GrtObject" key="owner">{C42393B9-8329-4034-B763-C18D8F41EB2F}</link>
    </value>
  </value>
</data>
